{
  "request": {
    "sharing_message": {
      "publish_for_user": {
        "user_token": "#user_token#",
        "providers": [ 
          "#provider_key1#",
          "#provider_key2#"
        ]
      },
      "parts":{
        "text":{
          "body": "#text_body#"
        },
        "video":{
          "url": "#video_url#"
        },
        "picture":{
          "url": "#picture_url#"
        },
        "link":{
          "url": "#link_url#",
          "name": "#link_name#",
          "caption": "#link_caption#",
          "description": "#link_description#"
        },
        "uploads":[
          {
            "name": "#upload_file_name#",
            "data": "#upload_file_data#"
          }
        ],
        "flags": {
            "enable_tracking": "#flag_enable_tracking#"
         }
      }        
    }
  }
}